species,sex,ID,color_band,trt,section,site,date,year,nest,age,stage,light,lux,LAeq,LZeq,LAF90,LAeq_N,mass,tarsus,wing,tail,eye,bill.l,bill.tn,bill.d,bill.w,muscle,fat,cp_score,measurer,nb_date,egg_date,
ATFL,M,2921-49605,YY-RS,Noise,green,TP05,5/21/24,2024,,AHY,TE,N,0,44.9,78.8,43.3,,26.12,23.3,98,96,6.3,20,15.55,6.1,6.95,3,1,,TP,,,
ATFL,M,2921-49602,GY-RS,Light,red,PC13,5/13/24,2024,PC13B4,AHY,TE,Y,0.58,44.4,62.4,42.8,33.1,30.5,25.4,104,96,6.8,18,15.1,6.55,7.1,2,0,,TP,4/23/24,,
ATFL,M,2821-25094,GY-OS,Light+Noise,blue,TP02,5/28/24,2024,,AHY,TE,Y,,36.6,64,33.8,,27.94,23.9,98,93,6.1,17.9,15.5,5.9,7.2,1,0,,TP,,,
ATFL,M,2921-49603,WW-RS,Light,blue,CP02,5/14/24,2024,,AHY,TE,Y,,32,70.6,29.8,,26.5,21.05,100,96,4.5,17.8,15.2,7.1,7.2,2,0,,TP,,,
ATFL,M,2921-49660,YY-OS,Control,pink,CP10,7/7/24,2024,CP10B6,AHY,Chx,N,0,31.6,76,28.3,31.6,27.65,22.1,106,97,5.2,16.1,14.5,5.9,7.3,2,0,,AR,5/27/24,6/13/24,
ATFL,M,2921-49604,WB-RS,Light,pink,PC1,5/20/24,2024,,AHY,TE,Y,,35.8,58.9,30.8,,27.73,23.7,101,94,6.1,19,15.3,6.2,7.4,2,1,,TP,,,
ATFL,M,2921-17871,YS-BO,Noise,orange,PT3,6/27/24,2024,PT03B5,AHY,Chx,N,0,33.6,72.5,28.7,33.6,26.81,22.2,99.5,102,6.43,17.3,15.7,6.15,7.5,3,1,,JP,5/22/24,5/28/24,
ATFL,M,2921-49606,YG-OS,Noise,yellow,TP11,5/29/24,2024,,AHY,TE,N,0,43.5,65.7,42.9,,28.58,22.2,102,100,6.25,18.5,15.6,5.85,7.6,2,0,,TP,,,
ATFL,F,2921-49630,KW-BS,Light,green,PC6,6/23/24,2024,PC6B4,AHY,Chx,Y,0.4,33.8,69,30.9,33.8,25.18,23.1,94,82,7,19,15,5.8,8.1,1,0,,TP,5/21/24,5/31/24,
ATFL,F,2921-17857,RR-RS,Noise,orange,PT3,5/22/24,2024,,AHY,TE,N,0,26.3,69.8,22.7,,29.9,23.1,94,93,6.1,17.2,13,6.4,8.15,2,1,,MT,,,
ATFL,M,2921-17880,BR-GS,Light,red,PC13,7/18/24,2024,,AHY,Chx,Y,,36.4,65.9,33.5,,26.2,22.6,101.5,102,6.2,15.42,13.8,5.7,8.2,2,0,,JP,,,
ATFL,F,2921-17856,YY-YS,Control,red,CP08,5/20/24,2024,CP08B4,AHY,TE,N,0,36,70.3,34.3,44.4,28.92,24,95,95,7.2,15.8,13.4,6.1,8.2,3,0,,CT,5/20/24,5/21/24,
ATFL,M,2881-53276,BS-BB,Noise,green,TP05,5/2/24,2024,,AHY,TE,N,0,49.8,81.3,48.4,,29.56,22.2,102,101,6.6,17.4,15.8,6.3,8.25,3,1,,JP,,,
ATFL,M,2941-73547,RS-RR,Noise,pink,TP10,4/23/24,2024,,AHY,TE,N,0,43.1,68.8,42.4,,26.6,22.8,98.5,101,6.1,16.3,15.1,5.8,8.3,2,2,,JP,,,
ATFL,M,2921-49663,WR-RS,Light,red,PC13,7/18/24,2024,,AHY,Chx,Y,,36.4,65.9,33.5,,,23.4,103.1,103,6.92,17.9,15.75,5.9,8.3,2,0,,JP,,,
ATFL,M,2921-49611,OO-OS,Light,red,PC13,6/20/24,2024,PC13B5,AHY,Chx,Y,0.57,36.5,76.8,32.7,36.5,22.62,23.5,110,94,6.8,18.2,16.2,6.1,8.4,2,1,,TP,5/20/24,5/26/24,
ATFL,M,2921-17873,BS-BR,Light,yellow,CP12,6/27/24,2024,CP12B13,AHY,Chx,Y,0.52,30.8,65.2,27,30.8,27.13,23.4,100.8,97,6.8,16.91,14.15,5.71,8.5,3,0,,JP,5/15/24,5/24/24,
ATFL,M,2921-49601,RR-RS,Light+Noise,yellow,PT11,5/9/24,2024,,AHY,TE,Y,,32.5,65.6,23.7,,26,26.1,109,103,5.9,15.9,13,6.2,8.9,4,0,,MT,,,
ATFL,M,2921-17854,OS-OO,Light,orange,CP04,4/29/24,2024,,AHY,TE,Y,,30.3,66,24.2,,29,23.4,100,94,5.5,16.1,14.6,6.05,9.25,3,1,,JP,,,
ATFL,F,2921-17872,GS-WB,Noise,orange,PT3,6/27/24,2024,PT03B5,AHY,Chx,N,0,33.6,72.5,28.7,33.6,26.66,22.45,98.8,91,6,16.5,14.95,6.3,9.35,2,0,,JP,5/22/24,5/28/24,
ATFL,F,2921-49682,GW-KS,Light+Noise,red,PT14,6/11/25,2025,PT14B10,AHY,Eggs,Y,0.43,53.8,71,52.4,,27.13,23.3,96.5,96,4.9,15.5,14,5.55,6.7,2,0,,AR,,,
ATFL,F,3251-02970,BY-BS,Light,blue,CP02,7/4/25,2025,CP02B4,ASY,Chx,Y,0,42.8,58.6,27.2,36.36,23.26,22.8,91.5,91,4.9,19,15.8,5.7,6.9,2,0,0,TV,5/21/25,6/6/25,
ATFL,M,2921-49678,OS-BO,Control,red,CP08,6/9/25,2025,,AHY,Eggs,N,0,35.9,71.6,32.6,,27.57,20.8,99,94,4.5,18.1,14.4,6,7,2,0,0,TP,,,
ATFL,M,2921-49676,YY-GS,Light,yellow,CP12,6/7/25,2025,CP12B14,SY,Eggs,Y,0.56,30.2,58.9,24.2,33.85,28.08,22.5,100.5,95,5.9,16.5,13.25,5.7,7.1,2,0,0,IW,5/12/25,5/20/25,
ATFL,M,3251-02964,GO-WS,Control,red,CP08,7/1/25,2025,CP08B2,SY,Chx,N,0,37.4,58.3,30.5,35.83,25.36,23,104,95,5.1,18.5,14.4,6.7,7.1,2,0,0,TP,5/26/25,6/2/25,
ATFL,M,2921-49664,OK-GS,Light,pink,PC1,5/22/25,2025,PC1B1,ASY,TE,Y,0.3,24.5,62.9,22.3,24.9,26.43,22.6,99,96,4.7,18.8,14.8,5.55,7.2,3,1,0,TV,5/13/25,,
ATFL,F,2921-17886,KS-OO,Light+Noise,blue,TP02,6/16/25,2025,TP02B13,SY,Eggs,Y,0.66,32.6,65,30.7,39.05,27.93,22.7,94,94,4.6,18,14.4,6,7.2,2,0,0,TV,5/21/25,6/5/25,
ATFL,M,2921-17882,RR-KS,Noise,red,PT15,5/12/25,2025,,ASY,TE,N,0,40,65.7,38.4,,27.27,22.8,103.5,104,4.6,18.2,16,6.1,7.2,4,0,0,TV,,,
ATFL,M,2921-49606,YG-OS,Noise,yellow,TP11,6/11/25,2025,TP11B2,ASY,Eggs,N,0,25.1,56.8,23.9,39.6,28,23.35,101,98,5.15,20.6,16.05,5.7,7.25,3,0,0,TV,5/27/25,5/29/25,
ATFL,M,2921-49664,OK-GS,Light,pink,PC1,5/15/25,2025,PC1B9,AHY,TE,Y,2.14,35.4,64.3,29.5,27.85,26.6,22.9,103,99,5,17.4,13.9,5.5,7.3,2,0,2,AR,5/13/25,,
ATFL,M,2921-17898,BS-WB,Control,pink,PC1,6/26/25,2025,PC1B8,AHY,Eggs,N,0,28.1,62.6,25.1,29.98,27.12,22.5,100,100,4.75,20.5,17,5.55,7.3,3,1,,TV,6/6/25,6/10/25,
ATFL,M,2921-49669,RO-KS,Light,green,PC6,5/28/25,2025,,ASY,TE,Y,,27.1,58.3,26.1,,28.85,23.4,100.5,97,5.1,20.8,15.5,6,7.3,3,0,,TV,,,
ATFL,M,2921-49680,OK-BS,Light+Noise,red,PT14,6/11/25,2025,PT14B10,ASY,Eggs,Y,0.43,53.8,71,52.4,48.76,27.51,23.5,101.5,91,4.6,19.7,15.7,6.1,7.3,2,0,0,TV,5/21/25,5/29/25,
ATFL,M,2921-17885,YS-YY,Control,blue,CP02,6/6/25,2025,CP02B1,ASY,Eggs,N,0,32.2,63.4,30.4,31.5,29.38,24.9,101.5,98,5.3,16.9,16.2,6.3,7.3,3,0,0,CM,5/17/25,5/23/25,
ATFL,F,2921-17874,KS-BB,Control,pink,CP10,6/9/25,2025,CP10B7,AHY,Eggs,N,0,42.4,69.4,40.7,40.27,21.8,23.7,100,95,5.2,18.2,15.1,6.3,7.3,4,0,0,CM,5/23/25,5/28/25,
ATFL,M,2921-17899,GS-KO,Light,orange,CP04,6/26/25,2025,CP04B13,ASY,Chx,Y,1.7,28.5,62.1,26.1,33.26,26.48,22.5,100,99,5,19.1,16,5.9,7.35,2,0,,TV,5/22/25,5/25/25,
ATFL,M,2921-49681,RR-YS,Light+Noise,red,PT14,6/11/25,2025,,ASY,Eggs,Y,,53.8,71,52.4,,27.93,22.2,100,95,5.3,18.55,15.4,5.95,7.35,3,1,0,TV,,,
ATFL,M,3251-02916,BG-RS,Noise,red,PT15,6/9/25,2025,PT15B7,ASY,Eggs,N,0,34.1,69.6,31,38.1,24.11,20.7,98,95,4.8,18.25,15.3,5.8,7.4,3,1,0,TV,5/24/25,5/29/25,
ATFL,F,2921-17883,WW-WS,Light,orange,CP04,6/10/25,2025,CP04B13,AHY,Eggs,Y,1.7,24.4,70.8,21.8,33.26,27.06,22,100.5,91,5.2,17.5,15.2,5.8,7.45,2,0,0,AR,5/22/25,5/25/25,
ATFL,M,2921-49675,GO-GS,Control,green,CP05,6/6/25,2025,,AHY,Eggs,N,0,31.1,57.2,28.5,,29.43,22.6,103,92,5.3,17.8,12.5,5.7,7.5,2,0,0,IW,,,
ATFL,M,2921-17881,YS-RR,Light,red,PC13,5/4/25,2025,,ASY,TE,Y,,37,65.4,34,,28.58,22.2,98,95,4.7,18.4,14.8,6,7.5,4,0,,TV,,,
ATFL,F,2921-17886,KS-OO,Light+Noise,blue,TP02,7/3/25,2025,TP02B13,SY,Chx,Y,0.66,38.1,54.3,34.5,39.05,23.99,22.6,94,95,4.8,18.5,14.4,6,7.5,1,0,,TV,5/21/25,6/5/25,
ATFL,M,2921-49660,YY-OS,Control,pink,CP10,6/25/25,2025,CP10B6,ASY,Eggs,N,0,36.2,69,34.9,29.08,28.74,23.15,105.5,100,5.6,17,14.85,6,7.6,3,0,0,AR,5/30/25,6/10/25,
ATFL,F,2921-49668,WS-WW,Light+Noise,blue,TP02,5/24/25,2025,TP02-ATFL-250610-1230-TV,ASY,TE,Y,0,34,59.6,26.8,,28.73,22,95,90,5.3,17.7,14.75,6,7.6,3,1,0,TV,,,
ATFL,F,2921-49665,BW-WS,Light+Noise,blue,TP02,5/16/25,2025,TP02B3,ASY,TE,Y,0.66,33.8,68.8,30.1,43.7,29.11,22.7,102,91,5.6,16.4,14.4,6.1,7.6,2,0,0,TP,6/5/25,6/11/25,
ATFL,M,2921-49670,WW-GS,Light,green,PC6,5/28/25,2025,,ASY,TE,Y,,27.1,58.3,26.1,,28.56,22.7,100.5,97,4.6,19.8,16.1,5.7,7.65,4,0,0,TV,,,
ATFL,M,2921-49683,GY-KS,Control,orange,CP06,6/11/25,2025,CP06B6,ASY,Eggs,N,0,24.3,66.4,22,28.25,28.69,23.5,98.5,94,4.55,19,16.3,5.5,7.7,3,0,0,TV,5/27/25,5/30/25,
ATFL,M,3251-02969,GS-OY,Light+Noise,blue,TP02,7/3/25,2025,TP02B13,ASY,Chx,Y,0.66,38.1,54.3,,39.05,26.44,23.15,99,97,5.15,18.35,15,5.7,7.7,2,0,,TV,5/21/25,6/5/25,
ATFL,M,2921-49667,RS-BB,Light+Noise,blue,TP02,5/24/25,2025,TP02-ATFL-250610-1230-TV,ASY,TE,Y,0,34,59.6,26.8,,28.41,23.1,102,100,5,19.05,15.4,6.2,7.7,3,0,0,TV,,,
ATFL,M,2921-49674,GK-OS,Control,green,CP05,6/6/25,2025,,AHY,Eggs,N,0,31.1,57.2,28.5,,29.07,21.9,104,99,5.5,16.9,14.6,6.3,7.7,2,0,1,TP,,,
ATFL,F,2921-49666,WS-GG,Light,pink,PC1,5/22/25,2025,PC1B1,ASY,TE,Y,0.3,24.5,62.9,22.3,24.9,28.36,22.95,96.5,95,5.05,17.7,14.4,5.9,7.8,3,0,0,TV,5/13/25,,
ATFL,F,2921-17883,WW-WS,Light,orange,CP04,6/26/25,2025,CP04B13,ASY,Chx,Y,1.7,24.4,70.8,21.8,33.26,23.28,22.7,97.5,91,5.1,19,15.2,5.9,7.8,3,0,0,AR,5/22/25,5/25/25,
ATFL,M,3251-02915,BW-OS,Noise,red,PT15,6/9/25,2025,PT15B7,ASY,Eggs,N,0,34.1,69.6,31,38.1,29.2,22.15,94,93,5.3,18.3,14.8,6.25,7.8,3,0,0,TV,5/24/25,5/29/25,
ATFL,M,2921-17891,KS-WW,Noise,orange,PT3,6/20/25,2025,PT3B3,ASY,Eggs,N,0,40,67.8,32.2,39.26,30.08,25.2,107,97,5.1,17.8,16.4,6.4,7.8,3,0,,CM,5/27/25,6/6/25,
ATFL,M,2921-49679,RS-KY,Control,blue,CP02,6/10/25,2025,CP02B15,AHY,Eggs,N,0,39,63.7,37.5,37.51,28.38,24.6,102.5,97,4.8,20.7,16.5,6.4,7.8,1,0,0,TP,5/21/25,5/27/25,
ATFL,M,2921-49673,RR-WS,Control,green,CP05,6/6/25,2025,CP05B3,ASY,Eggs,N,0,31.1,57.2,28.5,35.2,27.33,21.4,109,108,4,18.9,16,1.9,7.9,2,0,0,TP,5/17/25,5/21/25,
ATFL,F,2731-41231,YB-WS,Light+Noise,green,TP07,6/6/25,2025,TP07B12,ASY,Eggs,Y,0.74,37,71.3,32.5,34.86,26.83,21.9,105,94,5.2,17.9,13.7,5.6,7.9,2,0,0,TP,5/21/25,5/27/25,
ATFL,M,2921-17884,RR-WS,Light,yellow,CP12,5/15/25,2025,,ASY,TE,Y,,30,60.3,27.3,,29.79,24,102,97,5.45,20.55,15.7,6.4,7.9,4,0,0.5,JH,,,
ATFL,F,2921-49677,BO-WS,Control,yellow,CP11,6/7/25,2025,CP11B8,ASY,Eggs,N,0,39.4,84.1,34.6,38.33,28.92,22.4,98,94.5,6.6,16.25,13,5.9,8,1,0,0,MT,5/16/25,5/25/25,
ATFL,M,2921-49672,YY-BS,Noise,orange,PT3,6/5/25,2025,PT3B5,AHY,Eggs,N,0,40.9,67.9,39,42.62,27.49,21.3,99,94,5.5,18.9,14.8,6.7,8.2,2,0,0,TP,5/16/25,5/20/25,
ATFL,M,2921-49671,BB-YS,Light,green,PC6,5/28/25,2025,,ASY,TE,Y,,27.1,58.3,26.1,,27.88,20.9,103,99,5.5,18.3,14.8,5.6,6.6,3,0,,AR,,,
MOBL,M,2791-95515,,Noise,yellow,TP11,5/23/18,2018,TP11B10,AHY,Chx,N,0,46.7,,,46.7,27.9,21.8,110,,,11.5,,,4.7,,0,3,JP,,5/2/18,
MOBL,F,2731-41212,,Noise,yellow,TP11,5/23/18,2018,TP11B10,AHY,Chx,N,0,46.7,,,46.7,29.5,22.8,110,,,11.9,,,4.7,,1,0,JP,,5/2/18,
MOBL,M,2791-95514,,Noise,green,TP05,5/18/18,2018,TP05B8,AHY,Chx,N,0,39.4,,,39.4,27.1,21.6,102,,,11.7,,,4.8,,1,3,JP,,4/27/18,
MOBL,F,2791-95521,,Light,orange,CP04,5/24/18,2018,CP04B4,AHY,Chx,Y,0,31.5,,,31.5,31,21.8,114,,,12.8,,,4.8,,1,,JP,,4/19/18,
MOBL,F,2791-95522,,Light,yellow,CP12,5/25/18,2018,CP12B10,AHY,Chx,Y,0,35.7,,,35.7,27.8,22.4,107.6,,,11.8,,,5,,1,0,JP,,4/29/18,
MOBL,F,2731-41202,,Light,yellow,CP12,5/1/18,2018,CP12B4,AHY,Chx,Y,0,41.9,,,41.9,31,21.3,109,,,12.3,,,5,,0,,JP,,4/14/18,
MOBL,F,2791-95509,,Noise,green,TP05,5/11/18,2018,TP05B8,AHY,Eggs,N,0,48.7,,,48.7,34.8,22,107.5,,,11.5,,,5.1,,3,,JP,,4/27/18,
MOBL,F,2791-95507,,Control,orange,TP06,5/5/18,2018,TP06B1,AHY,Eggs,N,0,29.5,,,29.5,36.5,22.9,112,,,12.8,,,5.1,,2,,JP,,4/26/18,
MOBL,F,2731-41201,,Light+Noise,orange,TP04,4/30/18,2018,TP04B4,AHY,Eggs,Y,0,40.4,,,40.4,33.5,21,110,,,,,,,,1,,JP,,4/26/18,
MOBL,F,2771-10675,,Light,yellow,CP12,5/14/19,2019,CP12B4,AHY,Chx,Y,0,40.8,73,,40.8,33.5,21.7,109,,,13,,4.4,5.1,,2,0,JP,4/11/19,4/25/19,
MOBL,M,2771-18700,,Control,orange,CP06,5/22/19,2019,CP06B8,AHY,Chx,N,0,36.8,65,,36.8,30,23.3,114,,,12.3,,4.5,5.4,,3,3,JP,4/11/19,4/26/19,
MOBL,M,2771-10664,,Light+Noise,orange,TP04,5/7/19,2019,TP04B5,AHY,Chx,Y,2.06,46,72.4,,46,28.5,21.9,113,,,10.7,,3.7,5.5,,2,3,JP,4/9/19,4/13/19,
MOBL,M,2791-95573,,Control,orange,TP06,5/26/19,2019,TP06B9,AHY,Chx,N,0,37.95,,,37.95,32,22.6,112,,,12.3,,4.4,5.5,,2,3,JP,,4/30/19,
MOBL,F,2771-10676,,Light,orange,CP04,5/16/19,2019,CP04B11,AHY,Chx,Y,0.58,31.1,70.7,,31.1,32,22.2,106,,,13.5,,4.5,5.5,,2,0,JP,4/18/19,4/26/19,
MOBL,F,2771-10679,,Control,orange,CP06,5/19/19,2019,CP06B8,AHY,Chx,N,0,36.8,65,,36.8,31,23.3,111,,,11.9,,4.5,5.7,,2,0,JP,4/11/19,4/26/19,
MOBL,F,2791-95474,,Control,green,CP05,5/12/21,2021,CP05B04,AHY,Eggs,N,0,39.1,64,,39.13,33.7,22,114,,,14.9,,4.2,3.7,,1,0,WBD,4/27/21,5/5/21,
MOBL,F,2791-95476,,Control,orange,CP06,5/16/21,2021,CP06B8,AHY,Eggs,N,0,32.1,63.53,,32.1,33.1,22.4,108,,,13,,4.5,5.2,,2,0,JP,5/2/21,5/5/21,
MOBL,M,2941-04020,,Light,red,PC13,6/7/21,2021,PC13B1,AHY,Chx,Y,0.77,34.76,69,,34.76,26.5,22.5,107,,,12.6,,4.4,5.4,,2,3,JP,5/7/21,5/14/21,
MOBL,M,2791-95573,,Control,orange,TP06,5/25/21,2021,TP06B9,AHY,Chx,N,0,37.95,,,37.95,30.9,22.7,113,,,12.6,,4.5,5.4,,2,3,JP,,4/24/21,
MOBL,F,2791-95477,,Light,orange,CP04,5/16/21,2021,CP04B11,AHY,Eggs,Y,0.57,35.56,,,36.56,34.7,22.2,108,,,12.2,,4.1,5.5,,3,0,JP,5/2/21,5/3/21,
MOBL,F,2791-95472,,Light+Noise,orange,TP04,5/11/21,2021,TP04B4,AHY,Eggs,Y,0,48.46,69.66,,48.46,31.8,22,107,,,12.5,,4.8,5.5,,3,0,SL,4/24/21,5/2/21,
MOBL,M,2791-95494,,Light,orange,CP04,5/27/21,2021,CP04B11,AHY,Chx,Y,0.57,35.56,,,36.56,28.1,22.5,115,,,12.8,,4.4,5.5,,1,3,JP,5/2/21,5/3/21,
MOBL,F,2821-25064,OR-RS,Light,green,PC6,4/14/24,2024,PC6B1,AHY,TE,Y,0.47,37.6,72,34.4,39.8,27,23,109,62,6.3,13.1,10.2,5.1,4.3,2,0,,SL,4/19/24,5/5/24,
MOBL,F,2821-25073,YY-OS,Light,red,PC13,5/13/24,2024,PC13B1-nest1 ,AHY,Eggs,Y,1.26,35.3,69.3,28.3,35.85,29.5,20.55,114,81,6,12.35,9.3,4.4,5.3,2,2,,SL,4/12/24,5/1/24,
MOBL,F,2821-25066,GB-BS,Light,yellow,CP12,4/20/24,2024,CP12B6,AHY,TE,Y,0,34.8,62.9,31.7,34.8,33.5,23,110,65,6.1,12,10.5,4.3,5.8,2,2,,SL,4/16/24,4/28/24,
MOBL,F,2821-25062,RS-RR,Light,yellow,CP12,4/11/24,2024,CP12B12,AHY,TE,Y,0.55,34.7,72.2,26.7,36.4,27.5,22.8,112,63,7.2,11,10.2,4.25,5.9,3,1,,SL,5/1/24,5/13/24,
MOBL,M,3011-08006,OO-WS,Light,red,PC13,7/18/24,2024,PC13B1-nest2,AHY,Chx,Y,1.26,36.4,65.9,33.5,35.85,,22.7,115,76,5.89,12.8,11.4,4.7,6.75,2,0,,JP,,6/24/24,
MOBL,F,2821-25064,OR-RS,Light,green,PC6,6/4/24,2024,PC6B1,AHY,Chx,Y,0.47,39.8,70.7,33.9,39.8,23.76,,,,,,,,,1,0,,TP,,,
MOBL,M,3011-18091,GS-GO,Control,red,CP08,4/23/25,2025,CP08B9,ASY,TE,N,0,40.7,64.6,39.1,46.3,25.51,21,113.5,76,4.6,12.7,9.6,4.1,4.5,2,0,3,TV,4/17/25,,
MOBL,M,3011-18086,YS-YY,Light,yellow,CP12,4/12/25,2025,CP12B13,ASY,TE,Y,0,31.9,72.5,28.7,34,26.47,23,117,82,4.7,12.7,9.7,3.8,4.5,4,1,3,TV,4/12/25,4/19/25,
MOBL,F,3011-18100,BS-WG,Light,yellow,CP12,5/12/25,2025,CP12B4,ASY,Eggs,Y,0,31.6,65.7,29.5,31.6,30.65,20.7,110,69,6.1,11.2,8.7,4,4.6,2,0,,TP,4/10/25,5/3/25,
MOBL,F,3011-18038,GM-KS,Light,green,PC6,5/21/25,2025,PC6B6,ASY,Eggs,Y,0.19,35.1,63.8,32.9,32.34,31.84,23.6,108,62,7.2,13,9.8,4.4,5.3,2,0,,EM,5/5/25,5/9/25,
MOBL,F,3011-18066,BO-YS,Light+Noise,green,TP07,5/29/25,2025,TP07B11,ASY,Eggs,Y,1.09,34.9,62,33,31,30.01,22.2,110,70,5.2,13.9,10.1,4.4,5.5,2,2,0,TV,5/1/25,5/15/25,
MOBL,F,2821-25062,RS-RR,Light,yellow,CP12,4/9/25,2025,CP12B12,ASY,TE,Y,0.76,33.3,26.8,26.3,33.3,27.86,22,113,72,6.1,13.5,10.8,4.2,5.7,2,1,,TV,4/24/25,5/6/25,
WEBL,F,2791-95508,,Light+Noise,orange,TP04,5/5/18,2018,TP04B2,AHY,Eggs,Y,0,50.8,,,50.8,31.2,20.1,99,,,11.4,,,4.1,,2,,JP,,4/27/18,
WEBL,M,2771-10677,,Light,blue,CP02,5/15/19,2019,CP02B9,AHY,Chx,Y,1.57,35.1,,,35.1,27,20.7,109,,,11.1,,4.3,4.7,,1,0,CAL,4/17/19,4/27/19,
WEBL,F,2791-95547,,Light,yellow,CP12,5/21/19,2019,CP12B6,AHY,Eggs,Y,0,44.4,,,44.4,29.2,18.3,100,,,11.5,,3.9,5.5,,2,0,JP,4/24/19,5/6/19,
WEBL,M,2771-10678,,Light+Noise,blue,TP02,5/15/19,2019,TP02B7,AHY,Chx,Y,0.25,37.2,,,37.2,,21.5,109,,,10.9,,4,5.1,,3,0,CAL,4/5/19,4/27/19,
WEBL,F,2791-95553,,Noise,green,TP05,5/25/19,2019,TP05B4,AHY,Chx,N,0,53.3,,,53.3,29,20,101,,,11.2,,4.2,4.8,,2,0,JP,4/24/19,5/3/19,
WEBL,F,2941-04021,,Light+Noise,pink,TP09,6/9/21,2021,TP09B4,AHY,Chx,Y,0,46.67,,,46.67,24.4,20.5,99,,,11.1,,4.1,5.1,,1,0,JP,5/10/21,5/15/21,
WEBL,F,2791-95475,,Light,green,PC6,5/13/21,2021,PC6B06,AHY,Eggs,Y,1.09,37.3,,,37.3,32,21.3,106,,,16.4,,4.4,3.2,,2,0,MM,4/26/21,5/3/21,
WEBL,F,2791-95473,,Light,yellow,CP12,5/11/21,2021,CP12B9,AHY,Eggs,Y,0.16,40.97,,,41,27.6,21.4,107,,,15.5,,5,3.5,,1,0,WBD,4/23/21,5/1/21,
WEBL,M,2941-04078,,Control,blue,TP01,7/7/21,2021,TP01B06,AHY,Chx,N,0,36,,,36,26.4,20.4,109,,,12.3,,4,5.2,,1,3,JP,,6/16/21,
WEBL,F,2791-95483,,Noise,orange,PT3,5/23/21,2021,PT3B5,AHY,Eggs,N,0,39.1,,,39.1,29,19.1,101,,,,,,,,2,0,JP,5/2/21,5/11/21,
WEBL,M,2941-73552,WW-WS,Light,yellow,CP12,5/31/24,2024,CP12B14,AHY,Chx,Y,0.25,37.2,65.4,32.1,37.2,24.45,21,105,67,6.2,12.7,8.8,4.5,4.4,1,0,,TP,5/1/24,5/8/24,
WEBL,F,2821-25072,YY-RS,Control,orange,CP06,5/8/24,2024,CP06B5,AHY,Eggs,N,0,32.6,66.3,30,32.6,26.5,20.6,105,67,5.3,11,9.2,4.1,5.5,3,0,,SL,4/15/24,4/26/24,
WEBL,F,2821-25074,OO-OS,Light,blue,CP02,5/14/24,2024,CP02B9,AHY,Eggs,Y,1.34,32.8,70.5,30.8,32.8,28.5,21,103.5,68,6,12.25,9.7,3.95,4.95,3,0,,SL,4/21/24,5/3/24,
WEBL,M,2821-25065,WB-YS,Light,yellow,CP12,4/20/24,2024,CP12B9,AHY,TE,Y,0.31,37.2,65.4,32.1,37.2,24,19.4,106,65,6.1,10.9,8.6,4,4.6,1,0,,SL,4/11/24,5/3/24,
WEBL,F,2941-13548,WS-BW,Light,orange,CP04,4/29/24,2024,CP04B3,AHY,TE,Y,0.93,36.6,76.5,32,36.6,28,18.8,99.2,62,6.45,16.1,14.6,6.05,9.25,2,2,,JP,4/22/24,,
WEBL,M,2821-25067,GY-RS,Light+Noise,yellow,PT11,4/21/24,2024,PT11B05,AHY,TE,Y,0.26,40.5,76.2,39.2,,26.5,21.2,115,64,5.8,11.1,9.3,4,4.7,1,1,,SL,4/11/24,,
WEBL,F,2821-25075,KB-OS,Light,yellow,CP12,5/16/24,2024,CP12B9,AHY,Eggs,Y,0.31,37.2,65.4,32.1,37.2,26.2,21,106,71,6.5,12.4,10.9,4.4,4.5,2,0,,TP,4/11/24,5/3/24,
WEBL,F,2821-25074,OO-OS,Light,blue,CP02,6/20/24,2024,CP02B09,AHY,Chx,Y,0,38.1,75.3,36.4,38.1,24,21,100,61,5.8,12.2,10.2,4.6,5.65,2,1,,JP,4/21/24,5/3/24,
WEBL,F,2821-25100,YY-OS,Light+Noise,pink,TP09,5/30/24,2024,TP09B15,AHY,Chx,Y,0,44.4,75,43,44.4,24.99,21.8,105,73,7.2,10.1,8.8,4.7,4.8,1,0,,TP,4/23/24,5/10/24,
WEBL,M,2941-73599,GG-RS,Light,blue,CP02,6/21/24,2024,CP02B1,AHY,Chx,Y,0.19,28.8,63.6,26.6,28.8,24.6,22.5,106,78,6.5,12.3,8.9,5,5.6,1,0,,TP,5/7/24,5/23/24,
WEBL,M,2821-25068,WB-OS,Light,green,PC6,4/22/24,2024,,AHY,TE,Y,1.2,32,65.1,25,,26,21.3,109,67,5.5,12.8,9.3,4.2,5.8,1,1,,SL,,,
WEBL,M,3011-18002,OS-RR,Light,blue,CP02,6/20/24,2024,CP02B8,AHY,Chx,Y,0,38.1,75.3,36.4,38.1,22.5,18.1,104.5,71,5.79,12,10.05,4.5,6.45,2,1,,JP,5/17/24,5/22/24,
WEBL,M,,GG-GG,Light,green,PC6,6/18/24,2024,PC6B7,AHY,Chx,Y,0.6,36.6,68.5,33.4,36.6,23.2,,,,,,,,,2,1,,JP,5/11/24,5/15/24,
WEBL,F,2941-73549,GS-GG,Light,green,PC6,5/2/24,2024,PC6B08,AHY,Eggs,Y,0.41,35,67.6,33.5,35,30.74,19.7,104,61,6.1,10.5,9.4,4,5.7,2,2,,JP,4/19/24,4/27/24,
WEBL,F,3011-18045,GG-GS,Control,orange,CP06,6/10/25,2025,CP06B8,ASY,Eggs,N,0,26.5,67.1,23.3,27.3,27.76,22.7,107.5,64,5.1,11.5,9.5,4.1,4.9,2,2,0,CM,5/27/25,5/29/25,
WEBL,F,3011-18037,GR-GS,Light,yellow,CP12,5/20/25,2025,CP12B8,ASY,Eggs,Y,0,30.2,58.9,24.2,31.4,24.83,19.7,104,67,5.1,12.4,9.2,4.1,4.8,2,1,,TV,4/29/25,5/8/25,
WEBL,F,3011-18065,OR-KS,Light+Noise,green,TP07,5/29/25,2025,TP07B14,SY,Eggs,Y,0.41,30.6,67.5,26.1,32.52,26.48,22.2,102,67,4.7,12,9.7,4.2,4.8,3,1,0,CM,5/1/25,5/15/25,
WEBL,F,3011-18085,WS-OB,Light,yellow,CP12,4/12/25,2025,CP12B6,ASY,Eggs,Y,0,32.5,75.1,30.6,35.05,30.87,19.8,100,69,4.7,11.5,9.4,4.2,4.9,3,0,0,TV,4/5/25,4/12/25,
WEBL,M,3011-18088,GS-OO,Noise,red,PT15,4/17/25,2025,PT15B8,ASY,TE,N,0,39.8,75.7,36.4,40,24.75,20.6,105,72,4.3,11.6,9.1,4.1,4.5,3,0,2,TV,4/11/25,,
WEBL,F,2821-25074,OO-OS,Light,blue,CP02,5/21/25,2025,CP02B12,ASY,Eggs,Y,1.02,34.2,61.9,30.2,34.4,27.45,20.5,101.5,66,4.8,13,9.7,4,4.6,3,1,,TV,4/17/25,5/6/25,
WEBL,M,3241-54709,RW-KS,Light,green,PC6,5/28/25,2025,PC6B3,SY,Chx,Y,0.01,27.1,58.3,26.1,29.42,24.14,19,108,73,4.8,11.5,9.2,4.2,4.6,2,0,3,AR,5/1/25,5/11/25,
WEBL,F,3011-18015,OS-GR,Light+Noise,blue,TP02,5/16/25,2025,TP02B15,SY,Eggs,Y,1.4,36.3,78.7,30.3,32.58,25.87,17.1,102,63,4.8,11.2,8.8,3.8,4.6,2,0,0,TP,4/21/25,4/28/25,
WEBL,M,3011-18084,YS-WW,Light,orange,CP04,4/11/25,2025,CP04B12,ASY,TE,Y,0.99,28.1,69,26.1,39.35,23.34,20.2,111,74,4.5,12.5,9.7,3.8,4.76,2,0,3,TV,4/26/25,5/2/25,
WEBL,F,3011-18030,BS-OR,Light,red,PC13,5/4/25,2025,PC13B9,ASY,TE,Y,0.63,37,65.4,34,35.2,,19.6,105,67,4.7,13.2,10.2,4,4.6,3,1,,TV,5/8/25,5/14/25,
WEBL,M,3011-18087,YS-KB,Control,green,CP05,4/15/25,2025,CP05B1,ASY,TE,N,0,25.8,70.6,23.7,39.22,26.53,20.7,112,80,4.5,11.7,9.4,4.1,4.8,3,1,3,TV,4/10/25,4/19/25,
WEBL,F,3011-18093,BS-RR,Light,blue,CP02,5/19/25,2025,CP02B5,AHY,Eggs,Y,0.45,39,76.1,36.8,39.68,26.89,,,,,,,,,2,0,,CM,4/21/25,5/3/25,
WEBL,M,3011-18094,YS-GO,Light+Noise,green,TP07,5/1/25,2025,TP07B13,SY,TE,Y,0.21,28.6,68,25.7,32.52,24.01,19.9,106,67,4.3,12.2,10.2,4,4.9,3,0,3,TV,5/1/25,5/15/25,
WEBL,M,3011-18090,RS-OY,Light+Noise,blue,TP02,4/21/25,2025,TP02B15,ASY,TE,Y,1.4,36.3,78.7,30.3,32.58,26.17,20.1,109,70,4.3,11.7,9,4.2,4.9,3,0,3,TV,4/21/25,4/28/25,
WEBL,M,3011-18010,OS-KY,Light,blue,CP02,5/19/25,2025,CP02B5,ASY,Eggs,Y,0.45,39,76.1,36.8,39.68,27.66,20.3,113,71,5.7,11.6,8.8,4.1,4.9,2,0,3,TP,4/21/25,5/3/25,
WEBL,F,3011-18089,YS-KY,Noise,red,PT15,4/17/25,2025,PT15B8,ASY,TE,N,0,39.8,75.7,36.4,40,26.08,20.1,103,68,5,11.9,9.9,4.1,4.5,3,1,0,TV,4/11/25,,
WEBL,F,3011-18093,BS-RR,Light,blue,CP02,4/24/25,2025,CP02B5,ASY,TE,Y,0.45,41.3,60.3,40.1,39.68,25.34,19.9,105,61,5.1,10.3,8.6,4.1,4.4,3,0,0,TP,4/21/25,5/3/25,
WEBL,F,3011-18092,BS-OY,Light,yellow,CP12,4/24/25,2025,CP12B10,AHY,TE,Y,0,42.5,64.6,36,37.65,28.02,18.9,101,64,6.2,10.1,8.1,4.1,5,2,1,0,TP,4/16/25,4/27/25,
WEBL,M,2821-25068,WB-OS,Light,green,PC6,4/14/25,2025,PC6B8,ASY,TE,Y,0.54,36.2,73.7,33.7,33.15,26.63,20.6,108,71,4.9,12.3,10,4,5.3,3,0,3,TV,4/17/25,4/29/25,
WEBL,M,3011-18002,OS-RR,Light,blue,CP02,5/21/25,2025,CP02B12,ASY,Eggs,Y,1.02,34.2,61.9,30.2,34.4,25.76,18.5,110,74,4.9,12.15,9.7,3.9,5.35,3,0,3,TV,4/17/25,5/6/25,
WEBL,F,3011-18092,BS-OY,Light,yellow,CP12,5/12/25,2025,CP12B10,AHY,Eggs,Y,0,42.5,64.6,36,37.65,27.32,,,,,,,,,2,0,,TP,4/16/25,4/27/25,
WEBL,F,3011-18035,OO-GS,Control,orange,TP06,5/14/25,2025,TP06B9,SY,Eggs,N,0,35.1,63.1,,35.1,27.66,18.3,100.2,64,6,11.9,9.3,4.4,5.7,3,2,,JP,,,
WEBL,F,3241-54804,OS-WR,Noise,green,TP05,5/25/25,2025,TP05B5,SY,Eggs,N,0,45.9,70.5,44.6,42.68,28,18.9,101,63,5,13,10.3,4.1,4.8,2,0,0,AR,5/10/25,5/13/25,
WEBL,M,3241-54705,GS-BB,Noise,green,TP05,5/25/25,2025,TP05B5,AHY,Eggs,N,0,40.4,70.7,38.8,42.68,25.99,20.8,110,69,6,11.1,7.7,4.5,5.9,2,0,3,EM,5/10/25,5/13/25,
WEBL,F,3241-54854,BS-WG,Light+Noise,pink,TP09,6/12/25,2025,TP09B13,AHY,Chx,Y,0.45,48,78,46.6,49.18,25.13,21.4,104,65,4.8,12.6,10.6,4.2,4.5,2,0,0,CM,4/20/25,5/15/25,
WEBL,F,3011-18067,RO-BS,Noise,orange,PT3,5/28/25,2025,PT3B10,SY,Eggs,N,0,51.5,71,55,41.98,26.37,21.5,102,63,5.5,11.4,9.6,4,4.7,2,0,0,CM,4/24/25,5/13/25,